{
  "depositRecords": 33,
  "loanRecords": 11,
  "rateRecords": 16,
  "depositBanks": [
    "中信银行",
    "交通银行",
    "光大银行",
    "兴业银行",
    "华夏银行",
    "平安银行",
    "广发",
    "招商银行",
    "民生银行",
    "浙商",
    "浦发银行"
  ],
  "loanBanks": [
    "11956",
    "13934",
    "15940.2478924054",
    "18116.4233",
    "24215.4680105147",
    "26654.7565009906",
    "30337.8319274",
    "32432.1758223154",
    "35364.82",
    "38512.98",
    "59112"
  ],
  "rateBanks": [
    "中信银行",
    "光大银行",
    "兴业银行",
    "华夏银行",
    "平安银行",
    "招商银行",
    "民生银行",
    "浦发银行"
  ],
  "missingObservedAtRate": []
}